{
   "dashboards": [{
      "autoswitchEnabled": false,
      "columnCount": 1,
      "columnProportion": "1",
      "creationTime": 1542334867842,
      "description": "",
      "disabled": false,
      "gridsterMaxColumns": 12,
      "hidden": false,
      "homeTab": false,
      "id": "794ad464-1405-4058-a6e6-dffcef8fbfa8",
      "importAttempts": 0,
      "importComplete": true,
      "isDefault": false,
      "locked": false,
      "name": "Operations Performance/Cluster Performance",
      "namePath": "Operations Performance",
      "rank": 4,
      "shared": false,
      "temporary": false,
      "userId": "83b6d043-62fe-4e90-ba3f-56ae0db23242",
      "widgetInteractions": [],
      "widgets": [
         {
            "collapsed": false,
            "config": {
               "additionalColumns": [],
               "additionalColumns_resource": [],
               "barsCount": 10,
               "depth": 10,
               "filterMode": "tagFilter",
               "filterOldMetrics": {"filterOldMetrics": false},
               "metricOption": {
                  "metricInfo": {
                     "path": ["/source/GROUP_cpu/cpu|workload"],
                     "value": "cpu|workload"
                  },
                  "resourceKindId": ["resourceKind:id:0_::_"],
                  "tagFilter": null,
                  "value": {"metricOption": "metricsHighestUtilization"}
               },
               "mode": "metric",
               "refreshContent": {"refreshContent": false},
               "refreshInterval": 300,
               "regenerationTime": 15,
               "roundDecimals": 1,
               "selfProvider": {"selfProvider": true},
               "tagOption": {
                  "tagFilter": null,
                  "value": {"tagOption": "leastHealthyApplications"}
               },
               "title": "Top-10 Cluster CPU Workload %"
            },
            "gridsterCoords": {
               "h": 8,
               "w": 4,
               "x": 1,
               "y": 1
            },
            "height": 438,
            "id": "e3e8e071-2135-491c-81d4-7b53cfcd475b",
            "title": "Top-10 Cluster CPU Workload %",
            "type": "ParetoAnalysis"
         },
         {
            "collapsed": false,
            "config": {
               "additionalColumns": [],
               "additionalColumns_resource": [],
               "barsCount": 10,
               "depth": 10,
               "filterMode": "tagFilter",
               "filterOldMetrics": {"filterOldMetrics": false},
               "metricOption": {
                  "metricInfo": {
                     "path": ["/source/GROUP_mem/mem|workload"],
                     "value": "mem|workload"
                  },
                  "resourceKindId": ["resourceKind:id:0_::_"],
                  "tagFilter": null,
                  "value": {"metricOption": "metricsHighestUtilization"}
               },
               "mode": "metric",
               "refreshContent": {"refreshContent": false},
               "refreshInterval": 300,
               "regenerationTime": 15,
               "roundDecimals": 1,
               "selfProvider": {"selfProvider": true},
               "tagOption": {
                  "tagFilter": null,
                  "value": {"tagOption": "leastHealthyApplications"}
               },
               "title": "Top-10 Cluster Memory Workload %"
            },
            "gridsterCoords": {
               "h": 8,
               "w": 4,
               "x": 1,
               "y": 9
            },
            "height": 438,
            "id": "c082f486-e7eb-47f4-b345-90e8fc7a4520",
            "title": "Top-10 Cluster Memory Workload %",
            "type": "ParetoAnalysis"
         },
         {
            "collapsed": false,
            "config": {
               "configs": [
                  {
                     "attributeKind": {"value": ""},
                     "color": {"thresholds": {
                        "colors": [
                           "#00ff00",
                           "#888800",
                           "#ff0000"
                        ],
                        "values": [
                           0,
                           50,
                           100
                        ]
                     }},
                     "colorBy": {
                        "metricKey": "cpu|max_vm_cpu_contention",
                        "value": "CPU|Max VM CPU Contention (%)"
                     },
                     "focusOnGroups": true,
                     "groupBy": {
                        "id": "004null002006VMWAREVMwareAdapter Instance",
                        "originalText": "vCenter Server",
                        "parentId": "VMWARE",
                        "parentText": "vCenter Adapter",
                        "text": "vCenter Server",
                        "type": "resourceKind",
                        "typeId": "resourceKind:id:1_::_"
                     },
                     "id": "extModel9414-1",
                     "mode": {"mode": false},
                     "name": "Top Cluster CPU Workload X Max VM CPU Contention",
                     "relationalGrouping": false,
                     "resourceKind": "resourceKind:id:0_::_",
                     "sizeBy": {
                        "metricKey": "cpu|workload",
                        "value": "CPU|Workload (%)"
                     },
                     "solidColoring": false,
                     "tagFilter": null,
                     "thenBy": null
                  },
                  {
                     "attributeKind": {"value": ""},
                     "color": {"thresholds": {
                        "colors": [
                           "#00ff00",
                           "#888800",
                           "#ff0000"
                        ],
                        "values": [
                           0,
                           50,
                           100
                        ]
                     }},
                     "colorBy": {
                        "metricKey": "cpu|capacity_contentionPct",
                        "value": "CPU|Contention (%)"
                     },
                     "focusOnGroups": true,
                     "groupBy": {
                        "id": "004null002006VMWAREVMwareAdapter Instance",
                        "originalText": "vCenter Server",
                        "parentId": "VMWARE",
                        "parentText": "vCenter Adapter",
                        "text": "vCenter Server",
                        "type": "resourceKind",
                        "typeId": "resourceKind:id:1_::_"
                     },
                     "mode": {"mode": false},
                     "name": "Top Cluster CPU Workload X Contention %",
                     "relationalGrouping": false,
                     "resourceKind": "resourceKind:id:0_::_",
                     "sizeBy": {
                        "metricKey": "cpu|workload",
                        "value": "CPU|Workload (%)"
                     },
                     "solidColoring": false,
                     "tagFilter": null,
                     "thenBy": null
                  }
               ],
               "refreshContent": {"refreshContent": false},
               "refreshInterval": 300,
               "title": "Top Cluster CPU Workload X Max VM CPU Contention",
               "value": 1
            },
            "gridsterCoords": {
               "h": 8,
               "w": 8,
               "x": 5,
               "y": 1
            },
            "height": 438,
            "id": "1216400d-544f-4c24-832b-8baa60a72216",
            "states": [
               {
                  "key": "perm_HeatMap_widget_794ad464-1405-4058-a6e6-dffcef8fbfa8_1216400d-544f-4c24-832b-8baa60a72216",
                  "value": "o%3A"
               },
               {
                  "key": "perm_toolbarVisible_widget_794ad464-1405-4058-a6e6-dffcef8fbfa8_1216400d-544f-4c24-832b-8baa60a72216",
                  "value": "b%3A1"
               }
            ],
            "title": "Top Cluster CPU Workload X Max VM CPU Contention",
            "type": "Heatmap"
         },
         {
            "collapsed": false,
            "config": {
               "configs": [{
                  "attributeKind": {"value": ""},
                  "color": {"thresholds": {
                     "colors": [
                        "#00ff00",
                        "#888800",
                        "#ff0000"
                     ],
                     "values": [
                        0,
                        50,
                        100
                     ]
                  }},
                  "colorBy": {
                     "metricKey": "mem|max_vm_mem_contention",
                     "value": "Memory|Max VM Memory Contention (%)"
                  },
                  "focusOnGroups": true,
                  "groupBy": {
                     "id": "004null002006VMWAREVMwareAdapter Instance",
                     "originalText": "vCenter Server",
                     "parentId": "VMWARE",
                     "parentText": "vCenter Adapter",
                     "text": "vCenter Server",
                     "type": "resourceKind",
                     "typeId": "resourceKind:id:1_::_"
                  },
                  "mode": {"mode": false},
                  "name": "Top Cluster Memory Workload X Max VM Memory Swapped",
                  "relationalGrouping": false,
                  "resourceKind": "resourceKind:id:0_::_",
                  "sizeBy": {
                     "metricKey": "mem|workload",
                     "value": "Memory|Workload (%)"
                  },
                  "solidColoring": false,
                  "tagFilter": null,
                  "thenBy": null
               }],
               "refreshContent": {"refreshContent": false},
               "refreshInterval": 300,
               "title": "Top Cluster Memory Workload X Max VM Memory Contention",
               "value": 0
            },
            "gridsterCoords": {
               "h": 8,
               "w": 8,
               "x": 5,
               "y": 9
            },
            "height": 438,
            "id": "91c2c0ff-f007-41b5-a340-1689da21de7c",
            "states": [{
               "key": "perm_HeatMap_widget_794ad464-1405-4058-a6e6-dffcef8fbfa8_91c2c0ff-f007-41b5-a340-1689da21de7c",
               "value": "o%3A"
            }],
            "title": "Top Cluster Memory Workload X Max VM Memory Contention",
            "type": "Heatmap"
         }
      ]
   }],
   "entries": {"resourceKind": [
      {
         "adapterKindKey": "VMWARE",
         "internalId": "resourceKind:id:1_::_",
         "resourceKindKey": "VMwareAdapter Instance"
      },
      {
         "adapterKindKey": "VMWARE",
         "internalId": "resourceKind:id:0_::_",
         "resourceKindKey": "ClusterComputeResource"
      }
   ]},
   "uuid": "6d70a69f-6607-40f8-bc6e-c9f8cf57f580"
}